<PAMDataset>
  <Metadata>
    <MDI key="DataType">Generic</MDI>
  </Metadata>
  <PAMRasterBand band="1">
    <Metadata>
      <MDI key="RepresentationType">ATHEMATIC</MDI>
      <MDI key="STATISTICS_MAXIMUM">6.4800024032593</MDI>
      <MDI key="STATISTICS_MEAN">6.3542867745582</MDI>
      <MDI key="STATISTICS_MINIMUM">6.1176161766052</MDI>
      <MDI key="STATISTICS_STDDEV">0.070007922564205</MDI>
      <MDI key="STATISTICS_VALID_PERCENT">31.25</MDI>
    </Metadata>
  </PAMRasterBand>
</PAMDataset>
