<PAMDataset>
  <Metadata>
    <MDI key="DataType">Generic</MDI>
  </Metadata>
  <PAMRasterBand band="1">
    <Metadata>
      <MDI key="RepresentationType">ATHEMATIC</MDI>
      <MDI key="STATISTICS_MAXIMUM">9.1754007339478</MDI>
      <MDI key="STATISTICS_MEAN">8.9749199723407</MDI>
      <MDI key="STATISTICS_MINIMUM">8.8503541946411</MDI>
      <MDI key="STATISTICS_STDDEV">0.064640064373611</MDI>
      <MDI key="STATISTICS_VALID_PERCENT">49.27</MDI>
    </Metadata>
  </PAMRasterBand>
</PAMDataset>
