<!DOCTYPE qgis_style>
<qgis_style version="2">
  <symbols>
    <symbol tags="CanFlood" clip_to_extent="1" type="line" alpha="1" name="arrow black" force_rhr="0">
      <layer enabled="1" pass="0" locked="0" class="SimpleLine">
        <prop k="capstyle" v="square"/>
        <prop k="customdash" v="5;2"/>
        <prop k="customdash_map_unit_scale" v="3x:0,0,0,0,0,0"/>
        <prop k="customdash_unit" v="MM"/>
        <prop k="draw_inside_polygon" v="0"/>
        <prop k="joinstyle" v="bevel"/>
        <prop k="line_color" v="0,0,0,255"/>
        <prop k="line_style" v="solid"/>
        <prop k="line_width" v="0.5"/>
        <prop k="line_width_unit" v="MM"/>
        <prop k="offset" v="0"/>
        <prop k="offset_map_unit_scale" v="3x:0,0,0,0,0,0"/>
        <prop k="offset_unit" v="MM"/>
        <prop k="ring_filter" v="0"/>
        <prop k="use_custom_dash" v="0"/>
        <prop k="width_map_unit_scale" v="3x:0,0,0,0,0,0"/>
        <data_defined_properties>
          <Option type="Map">
            <Option type="QString" name="name" value=""/>
            <Option name="properties"/>
            <Option type="QString" name="type" value="collection"/>
          </Option>
        </data_defined_properties>
      </layer>
      <layer enabled="1" pass="0" locked="0" class="MarkerLine">
        <prop k="average_angle_length" v="4"/>
        <prop k="average_angle_map_unit_scale" v="3x:0,0,0,0,0,0"/>
        <prop k="average_angle_unit" v="MM"/>
        <prop k="interval" v="10"/>
        <prop k="interval_map_unit_scale" v="3x:0,0,0,0,0,0"/>
        <prop k="interval_unit" v="MM"/>
        <prop k="offset" v="0"/>
        <prop k="offset_along_line" v="0"/>
        <prop k="offset_along_line_map_unit_scale" v="3x:0,0,0,0,0,0"/>
        <prop k="offset_along_line_unit" v="MM"/>
        <prop k="offset_map_unit_scale" v="3x:0,0,0,0,0,0"/>
        <prop k="offset_unit" v="MM"/>
        <prop k="placement" v="interval"/>
        <prop k="ring_filter" v="0"/>
        <prop k="rotate" v="1"/>
        <data_defined_properties>
          <Option type="Map">
            <Option type="QString" name="name" value=""/>
            <Option name="properties"/>
            <Option type="QString" name="type" value="collection"/>
          </Option>
        </data_defined_properties>
        <symbol clip_to_extent="1" type="marker" alpha="1" name="@arrow black@1" force_rhr="0">
          <layer enabled="1" pass="0" locked="0" class="SimpleMarker">
            <prop k="angle" v="90"/>
            <prop k="color" v="215,38,168,0"/>
            <prop k="horizontal_anchor_point" v="1"/>
            <prop k="joinstyle" v="bevel"/>
            <prop k="name" v="arrow"/>
            <prop k="offset" v="0,0"/>
            <prop k="offset_map_unit_scale" v="3x:0,0,0,0,0,0"/>
            <prop k="offset_unit" v="MM"/>
            <prop k="outline_color" v="0,0,0,255"/>
            <prop k="outline_style" v="solid"/>
            <prop k="outline_width" v="0"/>
            <prop k="outline_width_map_unit_scale" v="3x:0,0,0,0,0,0"/>
            <prop k="outline_width_unit" v="MM"/>
            <prop k="scale_method" v="diameter"/>
            <prop k="size" v="6"/>
            <prop k="size_map_unit_scale" v="3x:0,0,0,0,0,0"/>
            <prop k="size_unit" v="MM"/>
            <prop k="vertical_anchor_point" v="1"/>
            <data_defined_properties>
              <Option type="Map">
                <Option type="QString" name="name" value=""/>
                <Option name="properties"/>
                <Option type="QString" name="type" value="collection"/>
              </Option>
            </data_defined_properties>
          </layer>
        </symbol>
      </layer>
    </symbol>
    <symbol tags="CanFlood" clip_to_extent="1" type="marker" alpha="0.378" name="black X" force_rhr="0">
      <layer enabled="1" pass="0" locked="0" class="SimpleMarker">
        <prop k="angle" v="0"/>
        <prop k="color" v="227,26,28,255"/>
        <prop k="horizontal_anchor_point" v="1"/>
        <prop k="joinstyle" v="bevel"/>
        <prop k="name" v="cross2"/>
        <prop k="offset" v="0,0"/>
        <prop k="offset_map_unit_scale" v="3x:0,0,0,0,0,0"/>
        <prop k="offset_unit" v="MM"/>
        <prop k="outline_color" v="35,35,35,255"/>
        <prop k="outline_style" v="solid"/>
        <prop k="outline_width" v="0"/>
        <prop k="outline_width_map_unit_scale" v="3x:0,0,0,0,0,0"/>
        <prop k="outline_width_unit" v="MM"/>
        <prop k="scale_method" v="diameter"/>
        <prop k="size" v="1"/>
        <prop k="size_map_unit_scale" v="3x:0,0,0,0,0,0"/>
        <prop k="size_unit" v="MM"/>
        <prop k="vertical_anchor_point" v="1"/>
        <data_defined_properties>
          <Option type="Map">
            <Option type="QString" name="name" value=""/>
            <Option name="properties"/>
            <Option type="QString" name="type" value="collection"/>
          </Option>
        </data_defined_properties>
      </layer>
    </symbol>
    <symbol tags="CanFlood" clip_to_extent="1" type="marker" alpha="0.7" name="building factory" force_rhr="0">
      <layer enabled="1" pass="0" locked="0" class="SvgMarker">
        <prop k="angle" v="0"/>
        <prop k="color" v="35,35,35,255"/>
        <prop k="fixedAspectRatio" v="0"/>
        <prop k="horizontal_anchor_point" v="1"/>
        <prop k="name" v="C:/Users/cefect/Downloads/joede-manufacture-symbol.svg"/>
        <prop k="offset" v="0,0"/>
        <prop k="offset_map_unit_scale" v="3x:0,0,0,0,0,0"/>
        <prop k="offset_unit" v="MM"/>
        <prop k="outline_color" v="35,35,35,255"/>
        <prop k="outline_width" v="0.2"/>
        <prop k="outline_width_map_unit_scale" v="3x:0,0,0,0,0,0"/>
        <prop k="outline_width_unit" v="MM"/>
        <prop k="scale_method" v="diameter"/>
        <prop k="size" v="4"/>
        <prop k="size_map_unit_scale" v="3x:0,0,0,0,0,0"/>
        <prop k="size_unit" v="MM"/>
        <prop k="vertical_anchor_point" v="1"/>
        <data_defined_properties>
          <Option type="Map">
            <Option type="QString" name="name" value=""/>
            <Option name="properties"/>
            <Option type="QString" name="type" value="collection"/>
          </Option>
        </data_defined_properties>
      </layer>
    </symbol>
    <symbol tags="CanFlood" clip_to_extent="1" type="marker" alpha="0.486" name="building house" force_rhr="0">
      <layer enabled="1" pass="0" locked="0" class="SvgMarker">
        <prop k="angle" v="0"/>
        <prop k="color" v="0,0,0,255"/>
        <prop k="fixedAspectRatio" v="0"/>
        <prop k="horizontal_anchor_point" v="1"/>
        <prop k="name" v="accommodation/accommodation_house.svg"/>
        <prop k="offset" v="0,0"/>
        <prop k="offset_map_unit_scale" v="3x:0,0,0,0,0,0"/>
        <prop k="offset_unit" v="MM"/>
        <prop k="outline_color" v="35,35,35,255"/>
        <prop k="outline_width" v="0"/>
        <prop k="outline_width_map_unit_scale" v="3x:0,0,0,0,0,0"/>
        <prop k="outline_width_unit" v="MM"/>
        <prop k="scale_method" v="diameter"/>
        <prop k="size" v="4"/>
        <prop k="size_map_unit_scale" v="3x:0,0,0,0,0,0"/>
        <prop k="size_unit" v="MM"/>
        <prop k="vertical_anchor_point" v="1"/>
        <data_defined_properties>
          <Option type="Map">
            <Option type="QString" name="name" value=""/>
            <Option name="properties"/>
            <Option type="QString" name="type" value="collection"/>
          </Option>
        </data_defined_properties>
      </layer>
    </symbol>
    <symbol tags="CanFlood" clip_to_extent="1" type="marker" alpha="0.587" name="building multi-story" force_rhr="0">
      <layer enabled="1" pass="0" locked="0" class="SvgMarker">
        <prop k="angle" v="0"/>
        <prop k="color" v="0,0,0,255"/>
        <prop k="fixedAspectRatio" v="0"/>
        <prop k="horizontal_anchor_point" v="1"/>
        <prop k="name" v="gpsicons/city_building.svg"/>
        <prop k="offset" v="0,0"/>
        <prop k="offset_map_unit_scale" v="3x:0,0,0,0,0,0"/>
        <prop k="offset_unit" v="MM"/>
        <prop k="outline_color" v="255,255,255,255"/>
        <prop k="outline_width" v="0"/>
        <prop k="outline_width_map_unit_scale" v="3x:0,0,0,0,0,0"/>
        <prop k="outline_width_unit" v="MM"/>
        <prop k="scale_method" v="diameter"/>
        <prop k="size" v="4"/>
        <prop k="size_map_unit_scale" v="3x:0,0,0,0,0,0"/>
        <prop k="size_unit" v="MM"/>
        <prop k="vertical_anchor_point" v="1"/>
        <data_defined_properties>
          <Option type="Map">
            <Option type="QString" name="name" value=""/>
            <Option name="properties"/>
            <Option type="QString" name="type" value="collection"/>
          </Option>
        </data_defined_properties>
      </layer>
    </symbol>
    <symbol tags="CanFlood" clip_to_extent="1" type="marker" alpha="0.7" name="circle red transp" force_rhr="0">
      <layer enabled="1" pass="0" locked="0" class="SimpleMarker">
        <prop k="angle" v="0"/>
        <prop k="color" v="255,1,1,128"/>
        <prop k="horizontal_anchor_point" v="1"/>
        <prop k="joinstyle" v="bevel"/>
        <prop k="name" v="circle"/>
        <prop k="offset" v="0,0"/>
        <prop k="offset_map_unit_scale" v="3x:0,0,0,0,0,0"/>
        <prop k="offset_unit" v="MM"/>
        <prop k="outline_color" v="35,35,35,255"/>
        <prop k="outline_style" v="solid"/>
        <prop k="outline_width" v="0"/>
        <prop k="outline_width_map_unit_scale" v="3x:0,0,0,0,0,0"/>
        <prop k="outline_width_unit" v="MM"/>
        <prop k="scale_method" v="diameter"/>
        <prop k="size" v="2"/>
        <prop k="size_map_unit_scale" v="3x:0,0,0,0,0,0"/>
        <prop k="size_unit" v="MM"/>
        <prop k="vertical_anchor_point" v="1"/>
        <data_defined_properties>
          <Option type="Map">
            <Option type="QString" name="name" value=""/>
            <Option name="properties"/>
            <Option type="QString" name="type" value="collection"/>
          </Option>
        </data_defined_properties>
      </layer>
    </symbol>
    <symbol tags="CanFlood" clip_to_extent="1" type="marker" alpha="0.7" name="diamond transparent" force_rhr="0">
      <layer enabled="1" pass="0" locked="0" class="SimpleMarker">
        <prop k="angle" v="0"/>
        <prop k="color" v="255,1,1,128"/>
        <prop k="horizontal_anchor_point" v="1"/>
        <prop k="joinstyle" v="bevel"/>
        <prop k="name" v="diamond"/>
        <prop k="offset" v="0,0"/>
        <prop k="offset_map_unit_scale" v="3x:0,0,0,0,0,0"/>
        <prop k="offset_unit" v="MM"/>
        <prop k="outline_color" v="35,35,35,255"/>
        <prop k="outline_style" v="solid"/>
        <prop k="outline_width" v="0"/>
        <prop k="outline_width_map_unit_scale" v="3x:0,0,0,0,0,0"/>
        <prop k="outline_width_unit" v="MM"/>
        <prop k="scale_method" v="diameter"/>
        <prop k="size" v="2"/>
        <prop k="size_map_unit_scale" v="3x:0,0,0,0,0,0"/>
        <prop k="size_unit" v="MM"/>
        <prop k="vertical_anchor_point" v="1"/>
        <data_defined_properties>
          <Option type="Map">
            <Option type="QString" name="name" value=""/>
            <Option name="properties"/>
            <Option type="QString" name="type" value="collection"/>
          </Option>
        </data_defined_properties>
      </layer>
    </symbol>
    <symbol tags="CanFlood" clip_to_extent="1" type="fill" alpha="1" name="fill blue cross hatch" force_rhr="0">
      <layer enabled="1" pass="0" locked="0" class="LinePatternFill">
        <prop k="angle" v="45"/>
        <prop k="color" v="55,126,184,255"/>
        <prop k="distance" v="2"/>
        <prop k="distance_map_unit_scale" v="3x:0,0,0,0,0,0"/>
        <prop k="distance_unit" v="MM"/>
        <prop k="line_width" v="0.26"/>
        <prop k="line_width_map_unit_scale" v="3x:0,0,0,0,0,0"/>
        <prop k="line_width_unit" v="MM"/>
        <prop k="offset" v="0"/>
        <prop k="offset_map_unit_scale" v="3x:0,0,0,0,0,0"/>
        <prop k="offset_unit" v="MM"/>
        <prop k="outline_width_map_unit_scale" v="3x:0,0,0,0,0,0"/>
        <prop k="outline_width_unit" v="MM"/>
        <data_defined_properties>
          <Option type="Map">
            <Option type="QString" name="name" value=""/>
            <Option name="properties"/>
            <Option type="QString" name="type" value="collection"/>
          </Option>
        </data_defined_properties>
        <symbol clip_to_extent="1" type="line" alpha="0.603" name="@fill blue cross hatch@0" force_rhr="0">
          <layer enabled="1" pass="0" locked="0" class="SimpleLine">
            <prop k="capstyle" v="square"/>
            <prop k="customdash" v="5;2"/>
            <prop k="customdash_map_unit_scale" v="3x:0,0,0,0,0,0"/>
            <prop k="customdash_unit" v="MM"/>
            <prop k="draw_inside_polygon" v="0"/>
            <prop k="joinstyle" v="bevel"/>
            <prop k="line_color" v="0,0,255,255"/>
            <prop k="line_style" v="solid"/>
            <prop k="line_width" v="0.3"/>
            <prop k="line_width_unit" v="MM"/>
            <prop k="offset" v="0"/>
            <prop k="offset_map_unit_scale" v="3x:0,0,0,0,0,0"/>
            <prop k="offset_unit" v="MM"/>
            <prop k="ring_filter" v="0"/>
            <prop k="use_custom_dash" v="0"/>
            <prop k="width_map_unit_scale" v="3x:0,0,0,0,0,0"/>
            <data_defined_properties>
              <Option type="Map">
                <Option type="QString" name="name" value=""/>
                <Option name="properties"/>
                <Option type="QString" name="type" value="collection"/>
              </Option>
            </data_defined_properties>
          </layer>
        </symbol>
      </layer>
      <layer enabled="1" pass="0" locked="0" class="SimpleLine">
        <prop k="capstyle" v="square"/>
        <prop k="customdash" v="5;2"/>
        <prop k="customdash_map_unit_scale" v="3x:0,0,0,0,0,0"/>
        <prop k="customdash_unit" v="MM"/>
        <prop k="draw_inside_polygon" v="0"/>
        <prop k="joinstyle" v="bevel"/>
        <prop k="line_color" v="0,0,255,255"/>
        <prop k="line_style" v="no"/>
        <prop k="line_width" v="0.2"/>
        <prop k="line_width_unit" v="MM"/>
        <prop k="offset" v="0"/>
        <prop k="offset_map_unit_scale" v="3x:0,0,0,0,0,0"/>
        <prop k="offset_unit" v="MM"/>
        <prop k="ring_filter" v="0"/>
        <prop k="use_custom_dash" v="0"/>
        <prop k="width_map_unit_scale" v="3x:0,0,0,0,0,0"/>
        <data_defined_properties>
          <Option type="Map">
            <Option type="QString" name="name" value=""/>
            <Option name="properties"/>
            <Option type="QString" name="type" value="collection"/>
          </Option>
        </data_defined_properties>
      </layer>
    </symbol>
    <symbol tags="CanFlood" clip_to_extent="1" type="fill" alpha="0.341" name="fill red transparent" force_rhr="0">
      <layer enabled="1" pass="0" locked="0" class="SimpleFill">
        <prop k="border_width_map_unit_scale" v="3x:0,0,0,0,0,0"/>
        <prop k="color" v="255,1,1,255"/>
        <prop k="joinstyle" v="bevel"/>
        <prop k="offset" v="0,0"/>
        <prop k="offset_map_unit_scale" v="3x:0,0,0,0,0,0"/>
        <prop k="offset_unit" v="MM"/>
        <prop k="outline_color" v="128,62,0,255"/>
        <prop k="outline_style" v="solid"/>
        <prop k="outline_width" v="0.26"/>
        <prop k="outline_width_unit" v="MM"/>
        <prop k="style" v="solid"/>
        <effect enabled="0" type="effectStack">
          <effect type="dropShadow">
            <prop k="blend_mode" v="13"/>
            <prop k="blur_level" v="1.8515"/>
            <prop k="blur_unit" v="MM"/>
            <prop k="blur_unit_scale" v="3x:0,0,0,0,0,0"/>
            <prop k="color" v="0,0,0,255"/>
            <prop k="draw_mode" v="2"/>
            <prop k="enabled" v="1"/>
            <prop k="offset_angle" v="135"/>
            <prop k="offset_distance" v="2"/>
            <prop k="offset_unit" v="MM"/>
            <prop k="offset_unit_scale" v="3x:0,0,0,0,0,0"/>
            <prop k="opacity" v="1"/>
          </effect>
          <effect type="outerGlow">
            <prop k="blend_mode" v="0"/>
            <prop k="blur_level" v="0.7935"/>
            <prop k="blur_unit" v="MM"/>
            <prop k="blur_unit_scale" v="3x:0,0,0,0,0,0"/>
            <prop k="color1" v="0,0,255,255"/>
            <prop k="color2" v="0,255,0,255"/>
            <prop k="color_type" v="0"/>
            <prop k="discrete" v="0"/>
            <prop k="draw_mode" v="2"/>
            <prop k="enabled" v="0"/>
            <prop k="opacity" v="0.5"/>
            <prop k="rampType" v="gradient"/>
            <prop k="single_color" v="255,255,255,255"/>
            <prop k="spread" v="2"/>
            <prop k="spread_unit" v="MM"/>
            <prop k="spread_unit_scale" v="3x:0,0,0,0,0,0"/>
          </effect>
          <effect type="drawSource">
            <prop k="blend_mode" v="0"/>
            <prop k="draw_mode" v="2"/>
            <prop k="enabled" v="1"/>
            <prop k="opacity" v="1"/>
          </effect>
          <effect type="innerShadow">
            <prop k="blend_mode" v="13"/>
            <prop k="blur_level" v="2.645"/>
            <prop k="blur_unit" v="MM"/>
            <prop k="blur_unit_scale" v="3x:0,0,0,0,0,0"/>
            <prop k="color" v="0,0,0,255"/>
            <prop k="draw_mode" v="2"/>
            <prop k="enabled" v="1"/>
            <prop k="offset_angle" v="135"/>
            <prop k="offset_distance" v="2"/>
            <prop k="offset_unit" v="MM"/>
            <prop k="offset_unit_scale" v="3x:0,0,0,0,0,0"/>
            <prop k="opacity" v="1"/>
          </effect>
          <effect type="innerGlow">
            <prop k="blend_mode" v="0"/>
            <prop k="blur_level" v="0.7935"/>
            <prop k="blur_unit" v="MM"/>
            <prop k="blur_unit_scale" v="3x:0,0,0,0,0,0"/>
            <prop k="color1" v="0,0,255,255"/>
            <prop k="color2" v="0,255,0,255"/>
            <prop k="color_type" v="0"/>
            <prop k="discrete" v="0"/>
            <prop k="draw_mode" v="2"/>
            <prop k="enabled" v="0"/>
            <prop k="opacity" v="0.5"/>
            <prop k="rampType" v="gradient"/>
            <prop k="single_color" v="255,255,255,255"/>
            <prop k="spread" v="2"/>
            <prop k="spread_unit" v="MM"/>
            <prop k="spread_unit_scale" v="3x:0,0,0,0,0,0"/>
          </effect>
        </effect>
        <data_defined_properties>
          <Option type="Map">
            <Option type="QString" name="name" value=""/>
            <Option name="properties"/>
            <Option type="QString" name="type" value="collection"/>
          </Option>
        </data_defined_properties>
      </layer>
    </symbol>
    <symbol tags="CanFlood" clip_to_extent="1" type="fill" alpha="0.497" name="fill tan transparent" force_rhr="0">
      <layer enabled="1" pass="0" locked="0" class="SimpleFill">
        <prop k="border_width_map_unit_scale" v="3x:0,0,0,0,0,0"/>
        <prop k="color" v="253,191,111,255"/>
        <prop k="joinstyle" v="bevel"/>
        <prop k="offset" v="0,0"/>
        <prop k="offset_map_unit_scale" v="3x:0,0,0,0,0,0"/>
        <prop k="offset_unit" v="MM"/>
        <prop k="outline_color" v="35,35,35,255"/>
        <prop k="outline_style" v="no"/>
        <prop k="outline_width" v="0.26"/>
        <prop k="outline_width_unit" v="MM"/>
        <prop k="style" v="solid"/>
        <data_defined_properties>
          <Option type="Map">
            <Option type="QString" name="name" value=""/>
            <Option name="properties"/>
            <Option type="QString" name="type" value="collection"/>
          </Option>
        </data_defined_properties>
      </layer>
    </symbol>
    <symbol tags="CanFlood" clip_to_extent="1" type="marker" alpha="0.7" name="lightning" force_rhr="0">
      <layer enabled="1" pass="0" locked="0" class="SvgMarker">
        <prop k="angle" v="0"/>
        <prop k="color" v="0,0,0,255"/>
        <prop k="fixedAspectRatio" v="0"/>
        <prop k="horizontal_anchor_point" v="1"/>
        <prop k="name" v="infra/power/zap.svg"/>
        <prop k="offset" v="0,0"/>
        <prop k="offset_map_unit_scale" v="3x:0,0,0,0,0,0"/>
        <prop k="offset_unit" v="MM"/>
        <prop k="outline_color" v="255,255,255,255"/>
        <prop k="outline_width" v="0"/>
        <prop k="outline_width_map_unit_scale" v="3x:0,0,0,0,0,0"/>
        <prop k="outline_width_unit" v="MM"/>
        <prop k="scale_method" v="diameter"/>
        <prop k="size" v="4"/>
        <prop k="size_map_unit_scale" v="3x:0,0,0,0,0,0"/>
        <prop k="size_unit" v="MM"/>
        <prop k="vertical_anchor_point" v="1"/>
        <data_defined_properties>
          <Option type="Map">
            <Option type="QString" name="name" value=""/>
            <Option name="properties"/>
            <Option type="QString" name="type" value="collection"/>
          </Option>
        </data_defined_properties>
      </layer>
    </symbol>
    <symbol tags="CanFlood" clip_to_extent="1" type="marker" alpha="0.7" name="square red transparent" force_rhr="0">
      <layer enabled="1" pass="0" locked="0" class="SimpleMarker">
        <prop k="angle" v="0"/>
        <prop k="color" v="255,1,1,128"/>
        <prop k="horizontal_anchor_point" v="1"/>
        <prop k="joinstyle" v="bevel"/>
        <prop k="name" v="square"/>
        <prop k="offset" v="0,0"/>
        <prop k="offset_map_unit_scale" v="3x:0,0,0,0,0,0"/>
        <prop k="offset_unit" v="MM"/>
        <prop k="outline_color" v="35,35,35,255"/>
        <prop k="outline_style" v="solid"/>
        <prop k="outline_width" v="0"/>
        <prop k="outline_width_map_unit_scale" v="3x:0,0,0,0,0,0"/>
        <prop k="outline_width_unit" v="MM"/>
        <prop k="scale_method" v="diameter"/>
        <prop k="size" v="2"/>
        <prop k="size_map_unit_scale" v="3x:0,0,0,0,0,0"/>
        <prop k="size_unit" v="MM"/>
        <prop k="vertical_anchor_point" v="1"/>
        <data_defined_properties>
          <Option type="Map">
            <Option type="QString" name="name" value=""/>
            <Option name="properties"/>
            <Option type="QString" name="type" value="collection"/>
          </Option>
        </data_defined_properties>
      </layer>
    </symbol>
  </symbols>
  <colorramps/>
  <textformats/>
  <labelsettings/>
</qgis_style>
