<PAMDataset>
  <Metadata>
    <MDI key="DataType">Generic</MDI>
  </Metadata>
  <PAMRasterBand band="1">
    <Metadata>
      <MDI key="RepresentationType">ATHEMATIC</MDI>
      <MDI key="STATISTICS_MAXIMUM">10.668087005615</MDI>
      <MDI key="STATISTICS_MEAN">8.2856061073148</MDI>
      <MDI key="STATISTICS_MINIMUM">8.0615425109863</MDI>
      <MDI key="STATISTICS_STDDEV">0.080922332364949</MDI>
      <MDI key="STATISTICS_VALID_PERCENT">46.75</MDI>
    </Metadata>
  </PAMRasterBand>
</PAMDataset>
